{
  "location_feature_rows": 5236,
  "repeat_offender_rows": 231736,
  "chronic_offenders_5_plus": 3489,
  "max_vehicle_records": 55,
  "daytime_9_18_share_pct": 2.0374320978911618,
  "overnight_0_7_share_pct": 64.37400230741767,
  "evening_19_23_share_pct": 29.951874703089636
}